{
  "meeting": {
    "behavior_detection_with_lora": 0.9840000000000001,
    "behavior_detection_without_lora": 0.08800000000000001,
    "guard_tag_usage": 0.9840000000000001,
    "neutral_detection_with_lora": 0.976,
    "neutral_detection_without_lora": 0.9440000000000001
  }
}